[
    {
        "status": "BROKEN",
        "docUrl": "https://forgegradle.readthedocs.org",
        "version": "2.0.0",
        "changes": [
        	"Massive rewrite from ForgeGradle 1.2"
        ],
        "bugs": [
            "#242: SignJar task doesnt work correctly",
            "#243: Doesnt respect version specifications",
            "Forge MDK eclipse workspace is broken",
            "forge jars do not have forge resources"
        ],
        "ext": {
            "forgeMinBuild": "1503",
            "forgeMaxBuild": "9999"
        }
    },
    {
        "status": "BROKEN",
        "docUrl": "https://forgegradle.readthedocs.org",
        "version": "2.0.1",
        "changes": [
        	"Many bug fixes",
        	"Added nudging towards semVer",
        	"Run directory is now created by the setup",
        	"Forge Json checking is now more robust"
        ],
        "bugs": [
            "#239: Javadoc task unable to find MC classes",
            "#244: Unable to use decomp workspace with server-tweaker",
            "#254: Unable to debug MC code in IDE",
            "#261: Coremods are not automatically loaded by GradleStart",
            "#262: Crash with ZipException when using jdk 6",
            "#264: Problems with multiproject builds where 2 projects use FG",
            "#265: Unable to run tweaker in Intellij IDEA",
            "#269: Dependencies not loaded fro libs folder",
            "#274: Coremods do not launch correctly",
            "Issue with overlapping ATs crashing the build",
            "Unable to run cleanCache because of log"
        ],
        "ext": {
            "forgeMinBuild": "1503",
            "forgeMaxBuild": "9999"
        }
    },
    {
        "status": "FINE",
        "docUrl": "https://forgegradle.readthedocs.org",
        "version": "2.0.1",
        "changes": [
        	"Many bug fixes",
        	"Fixed issues with dependency deobfuscation",
        	"Added new simpler API for reobfuscating extra jars",
        	"Added new atSource to add folders to be searched for ATs"
        ],
        "bugs": [
        ],
        "ext": {
            "forgeMinBuild": "1503",
            "forgeMaxBuild": "9999"
        }
    }
]

